ticker,name,sector,form,filing_date,accession,path,bytes,characters,words,estimated_tokens
AAPL,Apple Inc.,Information Technology,8-K,2026-04-30,0000320193-26-000011,AAPL\8-K_2026-04-30.txt,3671,3513,550,732
AAPL,Apple Inc.,Information Technology,8-K,2026-04-20,0001140361-26-015711,AAPL\8-K_2026-04-20.txt,4627,4416,674,896
AAPL,Apple Inc.,Information Technology,DEF 14A,2026-01-08,0001308179-26-000008,AAPL\DEF14A_2026-01-08.txt,301187,290807,44580,59291
AAPL,Apple Inc.,Information Technology,10-K,2025-10-31,0000320193-25-000079,AAPL\10-K_2025-10-31.txt,212121,207484,31233,41540
ABBV,AbbVie,Health Care,8-K,2026-07-06,0001551152-26-000021,ABBV\8-K_2026-07-06.txt,7013,6883,1020,1357
ABBV,AbbVie,Health Care,8-K,2026-06-22,0001104659-26-076067,ABBV\8-K_2026-06-22.txt,10872,10511,1568,2085
ABBV,AbbVie,Health Care,DEF 14A,2026-03-23,0001104659-26-033387,ABBV\DEF14A_2026-03-23.txt,332053,298370,42688,56775
ABBV,AbbVie,Health Care,10-K,2026-02-20,0001551152-26-000008,ABBV\10-K_2026-02-20.txt,428027,421355,62535,83172
ABT,Abbott Laboratories,Health Care,8-K,2026-04-27,0001104659-26-049434,ABT\8-K_2026-04-27.txt,12707,12236,1881,2502
ABT,Abbott Laboratories,Health Care,8-K,2026-04-17,0001104659-26-044892,ABT\8-K_2026-04-17.txt,3559,3408,509,677
ABT,Abbott Laboratories,Health Care,DEF 14A,2026-03-13,0001308179-26-000064,ABT\DEF14A_2026-03-13.txt,395565,386572,60127,79969
ABT,Abbott Laboratories,Health Care,10-K,2026-02-20,0001628280-26-010185,ABT\10-K_2026-02-20.txt,318297,312235,46300,61579
ACN,Accenture,Information Technology,8-K,2026-07-10,0001193125-26-300813,ACN\8-K_2026-07-10.txt,6124,5878,910,1210
ACN,Accenture,Information Technology,8-K,2026-06-23,0001467373-26-000035,ACN\8-K_2026-06-23.txt,3545,3426,537,714
ACN,Accenture,Information Technology,DEF 14A,2025-12-12,0001308179-25-000651,ACN\DEF14A_2025-12-12.txt,386558,377063,57701,76742
ACN,Accenture,Information Technology,10-K,2025-10-10,0001467373-25-000217,ACN\10-K_2025-10-10.txt,364720,358707,54891,73005
ADBE,Adobe Inc.,Information Technology,8-K,2026-06-11,0000796343-26-000109,ADBE\8-K_2026-06-11.txt,15819,15638,2311,3074
ADBE,Adobe Inc.,Information Technology,8-K,2026-04-21,0000796343-26-000101,ADBE\8-K_2026-04-21.txt,7888,7646,1247,1659
ADBE,Adobe Inc.,Information Technology,DEF 14A,2026-02-27,0000796343-26-000043,ADBE\DEF14A_2026-02-27.txt,478738,469784,72499,96424
ADBE,Adobe Inc.,Information Technology,10-K,2026-01-15,0000796343-26-000003,ADBE\10-K_2026-01-15.txt,352350,346479,51094,67955
AIG,American International Group,Financials,8-K,2026-05-14,0000005272-26-000066,AIG\8-K_2026-05-14.txt,5837,5645,905,1204
AIG,American International Group,Financials,8-K,2026-04-30,0000005272-26-000048,AIG\8-K_2026-04-30.txt,3752,3632,554,737
AIG,American International Group,Financials,DEF 14A,2026-03-31,0000005272-26-000039,AIG\DEF14A_2026-03-31.txt,354328,344975,51749,68826
AIG,American International Group,Financials,10-K,2026-02-12,0000005272-26-000023,AIG\10-K_2026-02-12.txt,755017,736179,111217,147919
AMD,Advanced Micro Devices,Information Technology,8-K,2026-07-01,0000002488-26-000115,AMD\8-K_2026-07-01.txt,8660,8407,1346,1790
AMD,Advanced Micro Devices,Information Technology,8-K,2026-05-15,0001193125-26-226746,AMD\8-K_2026-05-15.txt,14270,13806,2197,2922
AMD,Advanced Micro Devices,Information Technology,DEF 14A,2026-03-27,0001193125-26-129057,AMD\DEF14A_2026-03-27.txt,481254,469041,72919,96982
AMD,Advanced Micro Devices,Information Technology,10-K,2026-02-04,0000002488-26-000018,AMD\10-K_2026-02-04.txt,399150,393324,59212,78752
AMGN,Amgen,Health Care,8-K,2026-05-20,0001193125-26-232786,AMGN\8-K_2026-05-20.txt,4953,4639,772,1027
AMGN,Amgen,Health Care,8-K,2026-05-19,0000318154-26-000097,AMGN\8-K_2026-05-19.txt,9979,9773,1525,2028
AMGN,Amgen,Health Care,DEF 14A,2026-04-07,0001193125-26-145588,AMGN\DEF14A_2026-04-07.txt,502323,486283,73701,98022
AMGN,Amgen,Health Care,10-K,2026-02-13,0000318154-26-000010,AMGN\10-K_2026-02-13.txt,649998,640150,96763,128695
AMT,American Tower,Real Estate,8-K,2026-06-04,0001053507-26-000127,AMT\8-K_2026-06-04.txt,4956,4800,735,978
AMT,American Tower,Real Estate,8-K,2026-06-02,0001053507-26-000123,AMT\8-K_2026-06-02.txt,4538,4386,697,927
AMT,American Tower,Real Estate,DEF 14A,2026-04-08,0001053507-26-000088,AMT\DEF14A_2026-04-08.txt,411662,401774,61612,81944
AMT,American Tower,Real Estate,10-K,2026-02-24,0001053507-26-000035,AMT\10-K_2026-02-24.txt,561007,550876,82919,110282
AMZN,Amazon,Consumer Discretionary,8-K,2026-07-09,0001104659-26-082293,AMZN\8-K_2026-07-09.txt,7618,7195,1144,1522
AMZN,Amazon,Consumer Discretionary,8-K,2026-06-12,0001104659-26-073562,AMZN\8-K_2026-06-12.txt,6649,6267,995,1323
AMZN,Amazon,Consumer Discretionary,DEF 14A,2026-04-09,0001104659-26-041026,AMZN\DEF14A_2026-04-09.txt,311617,293584,42135,56040
AMZN,Amazon,Consumer Discretionary,10-K,2026-02-06,0001018724-26-000004,AMZN\10-K_2026-02-06.txt,289345,284323,42575,56625
AVGO,Broadcom,Information Technology,8-K,2026-07-06,0001193125-26-295589,AVGO\8-K_2026-07-06.txt,4023,3885,580,771
AVGO,Broadcom,Information Technology,8-K,2026-06-18,0001193125-26-275077,AVGO\8-K_2026-06-18.txt,3211,3063,469,624
AVGO,Broadcom,Information Technology,DEF 14A,2026-03-02,0001193125-26-085691,AVGO\DEF14A_2026-03-02.txt,243274,234936,36300,48279
AVGO,Broadcom,Information Technology,10-K,2025-12-18,0001730168-25-000121,AVGO\10-K_2025-12-18.txt,372837,365827,54705,72758
AXP,American Express,Financials,8-K,2026-07-15,0000004962-26-000302,AXP\8-K_2026-07-15.txt,7211,6996,1084,1442
AXP,American Express,Financials,8-K,2026-06-25,0000004962-26-000281,AXP\8-K_2026-06-25.txt,3332,3219,491,653
AXP,American Express,Financials,DEF 14A,2026-03-25,0001104659-26-034163,AXP\DEF14A_2026-03-25.txt,469502,404949,53193,70747
AXP,American Express,Financials,10-K,2026-02-06,0000004962-26-000080,AXP\10-K_2026-02-06.txt,635898,625160,94106,125161
BA,Boeing,Industrials,8-K,2026-04-22,0001628280-26-026391,BA\8-K_2026-04-22.txt,3144,3041,465,618
BA,Boeing,Industrials,8-K,2026-04-17,0001628280-26-025684,BA\8-K_2026-04-17.txt,4314,4141,709,943
BA,Boeing,Industrials,DEF 14A,2026-03-06,0001193125-26-096787,BA\DEF14A_2026-03-06.txt,352085,339494,50116,66654
BA,Boeing,Industrials,10-K,2026-01-30,0001628280-26-004357,BA\10-K_2026-01-30.txt,426879,420142,63625,84621
BAC,Bank of America,Financials,8-K,2026-07-14,0000070858-26-000353,BAC\8-K_2026-07-14.txt,7918,7706,1194,1588
BAC,Bank of America,Financials,8-K,2026-05-06,0000070858-26-000273,BAC\8-K_2026-05-06.txt,7749,7508,1243,1653
BAC,Bank of America,Financials,DEF 14A,2026-03-23,0001193125-26-118929,BAC\DEF14A_2026-03-23.txt,396447,383472,56588,75262
BAC,Bank of America,Financials,10-K,2026-02-25,0000070858-26-000157,BAC\10-K_2026-02-25.txt,901124,883367,134962,179499
BNY,Bank of New York Mellon,Financials,8-K,2026-07-15,0001390777-26-000071,BNY\8-K_2026-07-15.txt,5020,4847,761,1012
BNY,Bank of New York Mellon,Financials,8-K,2026-06-24,0001193125-26-281160,BNY\8-K_2026-06-24.txt,5959,5773,885,1177
BNY,Bank of New York Mellon,Financials,DEF 14A,2026-03-05,0001193125-26-092500,BNY\DEF14A_2026-03-05.txt,370515,354270,52428,69729
BNY,Bank of New York Mellon,Financials,10-K,2026-02-25,0001390777-26-000033,BNY\10-K_2026-02-25.txt,65523,63760,9638,12819
BKNG,Booking Holdings,Consumer Discretionary,8-K,2026-06-02,0001075531-26-000031,BKNG\8-K_2026-06-02.txt,6885,6519,1097,1459
BKNG,Booking Holdings,Consumer Discretionary,8-K,2026-05-11,0001104659-26-058730,BKNG\8-K_2026-05-11.txt,14834,14321,2382,3168
BKNG,Booking Holdings,Consumer Discretionary,DEF 14A,2026-04-21,0001308179-26-000310,BKNG\DEF14A_2026-04-21.txt,323513,308707,46472,61808
BKNG,Booking Holdings,Consumer Discretionary,10-K,2026-02-18,0001075531-26-000009,BKNG\10-K_2026-02-18.txt,364452,359484,54205,72093
BLK,BlackRock,Financials,8-K,2026-07-15,0001193125-26-304013,BLK\8-K_2026-07-15.txt,3478,3316,512,681
BLK,BlackRock,Financials,8-K,2026-06-30,0001193125-26-290830,BLK\8-K_2026-06-30.txt,5961,5733,899,1196
BLK,BlackRock,Financials,DEF 14A,2026-04-10,0001308179-26-000262,BLK\DEF14A_2026-04-10.txt,467419,454895,67557,89851
BLK,BlackRock,Financials,10-K,2026-02-25,0001193125-26-071966,BLK\10-K_2026-02-25.txt,663724,637623,93685,124601
BMY,Bristol Myers Squibb,Health Care,8-K,2026-05-08,0001140361-26-020036,BMY\8-K_2026-05-08.txt,5276,4909,837,1113
BMY,Bristol Myers Squibb,Health Care,8-K,2026-04-30,0000014272-26-000008,BMY\8-K_2026-04-30.txt,6051,5894,902,1200
BMY,Bristol Myers Squibb,Health Care,DEF 14A,2026-03-25,0000014272-26-000006,BMY\DEF14A_2026-03-25.txt,494246,484867,74713,99368
BMY,Bristol Myers Squibb,Health Care,10-K,2026-02-11,0000014272-26-000004,BMY\10-K_2026-02-11.txt,538622,528662,78632,104581
BRK.B,Berkshire Hathaway (Class B),Financials,8-K,2026-05-07,0001193125-26-212148,BRK.B\8-K_2026-05-07.txt,7318,6924,1103,1467
BRK.B,Berkshire Hathaway (Class B),Financials,8-K,2026-04-16,0001193125-26-159326,BRK.B\8-K_2026-04-16.txt,9026,8658,1354,1801
BRK.B,Berkshire Hathaway (Class B),Financials,DEF 14A,2026-03-13,0001193125-26-106253,BRK.B\DEF14A_2026-03-13.txt,77353,75213,11585,15408
BRK.B,Berkshire Hathaway (Class B),Financials,10-K,2026-03-02,0001193125-26-083899,BRK.B\10-K_2026-03-02.txt,519607,498584,73347,97552
C,Citigroup,Financials,8-K,2026-07-14,0001104659-26-083383,C\8-K_2026-07-14.txt,4259,3815,563,749
C,Citigroup,Financials,8-K,2026-05-21,0001104659-26-065155,C\8-K_2026-05-21.txt,7090,6171,974,1295
C,Citigroup,Financials,DEF 14A,2026-04-02,0001206774-26-000185,C\DEF14A_2026-04-02.txt,424679,409030,61000,81130
C,Citigroup,Financials,10-K,2026-02-20,0000831001-26-000011,C\10-K_2026-02-20.txt,1193472,1163303,176977,235379
CAT,Caterpillar Inc.,Industrials,8-K,2026-06-11,0001104659-26-072929,CAT\8-K_2026-06-11.txt,5829,5520,908,1208
CAT,Caterpillar Inc.,Industrials,DEF 14A,2026-04-30,0001308179-26-000358,CAT\DEF14A_2026-04-30.txt,259082,246945,37136,49391
CAT,Caterpillar Inc.,Industrials,8-K,2026-04-30,0000018230-26-000017,CAT\8-K_2026-04-30.txt,3671,3559,547,728
CAT,Caterpillar Inc.,Industrials,10-K,2026-02-13,0000018230-26-000008,CAT\10-K_2026-02-13.txt,445202,435148,65547,87178
CL,Colgate-Palmolive,Consumer Staples,8-K,2026-05-13,0000021665-26-000025,CL\8-K_2026-05-13.txt,5134,4797,798,1061
CL,Colgate-Palmolive,Consumer Staples,8-K,2026-05-01,0000021665-26-000022,CL\8-K_2026-05-01.txt,7441,7221,1092,1452
CL,Colgate-Palmolive,Consumer Staples,DEF 14A,2026-03-25,0001308179-26-000136,CL\DEF14A_2026-03-25.txt,342949,330652,49814,66253
CL,Colgate-Palmolive,Consumer Staples,10-K,2026-02-23,0000021665-26-000006,CL\10-K_2026-02-23.txt,346160,339518,50774,67529
CMCSA,Comcast,Communication Services,8-K,2026-06-29,0000950103-26-009591,CMCSA\8-K_2026-06-29.txt,3622,3442,529,704
CMCSA,Comcast,Communication Services,8-K,2026-06-12,0001628280-26-042848,CMCSA\8-K_2026-06-12.txt,5257,5035,834,1109
CMCSA,Comcast,Communication Services,DEF 14A,2026-04-24,0001193125-26-177138,CMCSA\DEF14A_2026-04-24.txt,246042,237604,35943,47804
CMCSA,Comcast,Communication Services,10-K,2026-02-03,0001628280-26-004994,CMCSA\10-K_2026-02-03.txt,406680,400101,59743,79458
COF,Capital One,Financials,8-K,2026-06-15,0000927628-26-000066,COF\8-K_2026-06-15.txt,4705,4559,687,914
COF,Capital One,Financials,8-K,2026-06-09,0001193125-26-263735,COF\8-K_2026-06-09.txt,5158,4944,760,1011
COF,Capital One,Financials,DEF 14A,2026-03-25,0001193125-26-124131,COF\DEF14A_2026-03-25.txt,490401,472669,70206,93374
COF,Capital One,Financials,10-K,2026-02-19,0000927628-26-000024,COF\10-K_2026-02-19.txt,891049,873632,132508,176236
COP,ConocoPhillips,Energy,8-K,2026-06-23,0001104659-26-076836,COP\8-K_2026-06-23.txt,2528,2403,358,476
COP,ConocoPhillips,Energy,8-K,2026-05-14,0001104659-26-061130,COP\8-K_2026-05-14.txt,4709,4425,746,992
COP,ConocoPhillips,Energy,DEF 14A,2026-03-30,0001104659-26-036366,COP\DEF14A_2026-03-30.txt,528089,472153,66485,88425
COP,ConocoPhillips,Energy,10-K,2026-02-17,0001163165-26-000009,COP\10-K_2026-02-17.txt,507903,495435,76005,101087
COST,Costco,Consumer Staples,8-K,2026-07-08,0000909832-26-000060,COST\8-K_2026-07-08.txt,2820,2722,418,556
COST,Costco,Consumer Staples,8-K,2026-05-28,0000909832-26-000046,COST\8-K_2026-05-28.txt,3032,2932,449,597
COST,Costco,Consumer Staples,DEF 14A,2025-12-04,0000909832-25-000159,COST\DEF14A_2025-12-04.txt,137429,135065,20895,27790
COST,Costco,Consumer Staples,10-K,2025-10-08,0000909832-25-000101,COST\10-K_2025-10-08.txt,211383,207734,31239,41548
CRM,Salesforce,Information Technology,8-K,2026-06-02,0001108524-26-000138,CRM\8-K_2026-06-02.txt,4940,4812,708,942
CRM,Salesforce,Information Technology,8-K,2026-06-01,0001108524-26-000131,CRM\8-K_2026-06-01.txt,6812,6580,1043,1387
CRM,Salesforce,Information Technology,DEF 14A,2026-04-16,0001108524-26-000085,CRM\DEF14A_2026-04-16.txt,655819,638380,97978,130311
CRM,Salesforce,Information Technology,10-K,2026-03-02,0001108524-26-000060,CRM\10-K_2026-03-02.txt,415808,409614,61012,81146
CSCO,Cisco,Information Technology,8-K,2026-05-13,0000858877-26-000075,CSCO\8-K_2026-05-13.txt,12604,12386,1790,2381
CSCO,Cisco,Information Technology,8-K,2026-05-01,0000858877-26-000057,CSCO\8-K_2026-05-01.txt,4842,4684,707,940
CSCO,Cisco,Information Technology,DEF 14A,2025-10-28,0000858877-25-000150,CSCO\DEF14A_2025-10-28.txt,405459,397390,61951,82395
CSCO,Cisco,Information Technology,10-K,2025-09-03,0000858877-25-000111,CSCO\10-K_2025-09-03.txt,407411,400592,60495,80458
CVS,CVS Health,Health Care,8-K,2026-05-18,0000064803-26-000082,CVS\8-K_2026-05-18.txt,6937,6740,1141,1518
CVS,CVS Health,Health Care,8-K,2026-05-06,0000064803-26-000051,CVS\8-K_2026-05-06.txt,3722,3604,565,751
CVS,CVS Health,Health Care,DEF 14A,2026-04-03,0001308179-26-000201,CVS\DEF14A_2026-04-03.txt,540676,523052,81302,108132
CVS,CVS Health,Health Care,10-K,2026-02-10,0000064803-26-000010,CVS\10-K_2026-02-10.txt,770966,757144,112926,150192
CVX,Chevron Corporation,Energy,8-K,2026-05-29,0000093410-26-000125,CVX\8-K_2026-05-29.txt,5776,5559,939,1249
CVX,Chevron Corporation,Energy,8-K,2026-05-29,0000093410-26-000123,CVX\8-K_2026-05-29_2.txt,2942,2844,431,573
CVX,Chevron Corporation,Energy,DEF 14A,2026-04-07,0001193125-26-145617,CVX\DEF14A_2026-04-07.txt,432717,415521,61309,81541
CVX,Chevron Corporation,Energy,10-K,2026-02-24,0000093410-26-000078,CVX\10-K_2026-02-24.txt,498828,486502,74749,99416
DE,Deere & Company,Industrials,8-K,2026-07-15,0001104659-26-083910,DE\8-K_2026-07-15.txt,7118,6676,1027,1366
DE,Deere & Company,Industrials,8-K,2026-06-01,0001104659-26-068930,DE\8-K_2026-06-01.txt,3774,3400,487,648
DE,Deere & Company,Industrials,DEF 14A,2026-01-14,0001104659-26-003618,DE\DEF14A_2026-01-14.txt,443085,387776,53574,71253
DE,Deere & Company,Industrials,10-K,2025-12-18,0001104659-25-122321,DE\10-K_2025-12-18.txt,513129,429335,56646,75339
DHR,Danaher Corporation,Health Care,8-K,2026-06-03,0001193125-26-255555,DHR\8-K_2026-06-03.txt,6934,6658,1092,1452
DHR,Danaher Corporation,Health Care,8-K,2026-05-07,0000313616-26-000127,DHR\8-K_2026-05-07.txt,6671,6444,1067,1419
DHR,Danaher Corporation,Health Care,DEF 14A,2026-03-25,0000313616-26-000101,DHR\DEF14A_2026-03-25.txt,412151,398777,61348,81593
DHR,Danaher Corporation,Health Care,10-K,2026-02-24,0000313616-26-000062,DHR\10-K_2026-02-24.txt,493073,485113,72118,95917
DIS,Walt Disney Company (The),Communication Services,8-K,2026-05-06,0001744489-26-000036,DIS\8-K_2026-05-06.txt,3455,3343,495,658
DIS,Walt Disney Company (The),Communication Services,8-K,2026-03-20,0001628280-26-020172,DIS\8-K_2026-03-20.txt,5959,5776,953,1267
DIS,Walt Disney Company (The),Communication Services,DEF 14A,2026-01-22,0001744489-26-000013,DIS\DEF14A_2026-01-22.txt,392125,381491,56701,75412
DIS,Walt Disney Company (The),Communication Services,10-K,2025-11-13,0001744489-25-000155,DIS\10-K_2025-11-13.txt,452669,442759,66734,88756
DUK,Duke Energy,Utilities,8-K,2026-07-06,0001104659-26-080476,DUK\8-K_2026-07-06.txt,5512,5258,771,1025
DUK,Duke Energy,Utilities,8-K,2026-05-13,0001104659-26-060251,DUK\8-K_2026-05-13.txt,7187,6771,1107,1472
DUK,Duke Energy,Utilities,DEF 14A,2026-03-20,0001104659-26-032443,DUK\DEF14A_2026-03-20.txt,423678,377820,53584,71267
DUK,Duke Energy,Utilities,10-K,2026-02-26,0001326160-26-000014,DUK\10-K_2026-02-26.txt,1061513,1034700,157211,209091
EMR,Emerson Electric,Industrials,8-K,2026-05-05,0000032604-26-000034,EMR\8-K_2026-05-05.txt,7975,7783,1130,1503
EMR,Emerson Electric,Industrials,8-K,2026-02-13,0000032604-26-000022,EMR\8-K_2026-02-13.txt,5561,5412,791,1052
EMR,Emerson Electric,Industrials,DEF 14A,2025-12-12,0000032604-25-000103,EMR\DEF14A_2025-12-12.txt,303709,296712,45434,60427
EMR,Emerson Electric,Industrials,10-K,2025-11-10,0000032604-25-000087,EMR\10-K_2025-11-10.txt,276474,272148,40780,54237
FDX,FedEx,Industrials,8-K,2026-07-10,0001104659-26-082672,FDX\8-K_2026-07-10.txt,18015,17232,2728,3628
FDX,FedEx,Industrials,8-K,2026-06-25,0001104659-26-077558,FDX\8-K_2026-06-25.txt,6466,6182,996,1325
FDX,FedEx,Industrials,DEF 14A,2025-08-18,0001104659-25-079800,FDX\DEF14A_2025-08-18.txt,678687,608331,87635,116555
FDX,FedEx,Industrials,10-K,2025-07-21,0001048911-25-000011,FDX\10-K_2025-07-21.txt,540161,530943,79534,105780
GD,General Dynamics,Industrials,8-K,2026-05-11,0000040533-26-000014,GD\8-K_2026-05-11.txt,4401,4239,707,940
GD,General Dynamics,Industrials,8-K,2026-04-29,0000040533-26-000010,GD\8-K_2026-04-29.txt,2978,2880,441,587
GD,General Dynamics,Industrials,DEF 14A,2026-03-27,0001308179-26-000168,GD\DEF14A_2026-03-27.txt,316212,302834,45263,60200
GD,General Dynamics,Industrials,10-K,2026-01-30,0000040533-26-000006,GD\10-K_2026-01-30.txt,290266,285116,42952,57126
GE,GE Aerospace,Industrials,8-K,2026-06-25,0000040545-26-000042,GE\8-K_2026-06-25.txt,4823,4646,721,959
GE,GE Aerospace,Industrials,8-K,2026-06-11,0000040545-26-000039,GE\8-K_2026-06-11.txt,4863,4695,703,935
GE,GE Aerospace,Industrials,DEF 14A,2026-03-12,0000040545-26-000018,GE\DEF14A_2026-03-12.txt,425159,416364,64977,86419
GE,GE Aerospace,Industrials,10-K,2026-01-29,0000040545-26-000008,GE\10-K_2026-01-29.txt,400853,395673,59758,79478
GILD,Gilead Sciences,Health Care,8-K,2026-05-20,0001104659-26-064518,GILD\8-K_2026-05-20.txt,8150,7839,1221,1624
GILD,Gilead Sciences,Health Care,8-K,2026-05-07,0000882095-26-000022,GILD\8-K_2026-05-07.txt,4532,4391,668,888
GILD,Gilead Sciences,Health Care,DEF 14A,2026-03-20,0001308179-26-000106,GILD\DEF14A_2026-03-20.txt,487215,470301,71840,95547
GILD,Gilead Sciences,Health Care,10-K,2026-02-24,0000882095-26-000006,GILD\10-K_2026-02-24.txt,418516,411275,61604,81933
GM,General Motors,Consumer Discretionary,8-K,2026-06-04,0001467858-26-000044,GM\8-K_2026-06-04.txt,8689,8221,1303,1733
GM,General Motors,Consumer Discretionary,8-K,2026-05-26,0001193125-26-239340,GM\8-K_2026-05-26.txt,3421,3263,500,665
GM,General Motors,Consumer Discretionary,DEF 14A,2026-04-20,0001467858-26-000022,GM\DEF14A_2026-04-20.txt,345526,328163,48913,65054
GM,General Motors,Consumer Discretionary,10-K,2026-01-27,0001467858-26-000013,GM\10-K_2026-01-27.txt,460405,453950,68675,91338
GOOGL,Alphabet Inc. (Class A),Communication Services,8-K,2026-06-11,0001193125-26-267578,GOOGL\8-K_2026-06-11.txt,10695,9956,1644,2187
GOOGL,Alphabet Inc. (Class A),Communication Services,8-K,2026-06-05,0001193125-26-259830,GOOGL\8-K_2026-06-05.txt,19297,18725,2911,3872
GOOGL,Alphabet Inc. (Class A),Communication Services,DEF 14A,2026-04-24,0001308179-26-000342,GOOGL\DEF14A_2026-04-24.txt,415995,405843,60501,80466
GOOGL,Alphabet Inc. (Class A),Communication Services,10-K,2026-02-05,0001652044-26-000018,GOOGL\10-K_2026-02-05.txt,351495,345730,52355,69632
GS,Goldman Sachs,Financials,8-K,2026-07-14,0000886982-26-000294,GS\8-K_2026-07-14.txt,5182,5022,791,1052
GS,Goldman Sachs,Financials,8-K,2026-06-24,0001193125-26-281123,GS\8-K_2026-06-24.txt,3961,3767,582,774
GS,Goldman Sachs,Financials,DEF 14A,2026-03-20,0001193125-26-117433,GS\DEF14A_2026-03-20.txt,420407,407658,59996,79795
GS,Goldman Sachs,Financials,10-K,2026-02-25,0000886982-26-000091,GS\10-K_2026-02-25.txt,1118584,1097189,166358,221256
HD,Home Depot,Consumer Discretionary,8-K,2026-05-26,0000354950-26-000105,HD\8-K_2026-05-26.txt,8024,7722,1266,1684
HD,Home Depot,Consumer Discretionary,8-K,2026-05-19,0000354950-26-000101,HD\8-K_2026-05-19.txt,3596,3466,524,697
HD,Home Depot,Consumer Discretionary,DEF 14A,2026-04-07,0000354950-26-000090,HD\DEF14A_2026-04-07.txt,418070,407831,61873,82291
HD,Home Depot,Consumer Discretionary,10-K,2026-03-18,0001628280-26-019436,HD\10-K_2026-03-18.txt,335155,329496,49483,65812
HON,Honeywell,Industrials,8-K,2026-06-29,0000773840-26-000084,HON\8-K_2026-06-29.txt,20365,19982,3047,4053
HON,Honeywell,Industrials,8-K,2026-06-15,0000773840-26-000080,HON\8-K_2026-06-15.txt,11040,10825,1645,2188
HON,Honeywell,Industrials,DEF 14A,2026-04-10,0000773840-26-000029,HON\DEF14A_2026-04-10.txt,519965,500705,75217,100039
HON,Honeywell,Industrials,10-K,2026-02-17,0000773840-26-000013,HON\10-K_2026-02-17.txt,465459,455382,66703,88715
IBM,IBM,Information Technology,8-K,2026-07-14,0000051143-26-000070,IBM\8-K_2026-07-14.txt,6061,5866,934,1242
IBM,IBM,Information Technology,8-K,2026-06-23,0000051143-26-000061,IBM\8-K_2026-06-23.txt,7466,7284,1170,1556
IBM,IBM,Information Technology,DEF 14A,2026-03-10,0000051143-26-000025,IBM\DEF14A_2026-03-10.txt,431791,421666,65337,86898
IBM,IBM,Information Technology,10-K,2026-02-24,0000051143-26-000010,IBM\10-K_2026-02-24.txt,104735,102828,15508,20626
INTC,Intel,Information Technology,8-K,2026-05-15,0000050863-26-000118,INTC\8-K_2026-05-15.txt,5468,5255,889,1182
INTC,Intel,Information Technology,8-K,2026-04-30,0001193125-26-197845,INTC\8-K_2026-04-30.txt,6669,6437,989,1315
INTC,Intel,Information Technology,DEF 14A,2026-03-23,0000050863-26-000061,INTC\DEF14A_2026-03-23.txt,510870,499935,76828,102181
INTC,Intel,Information Technology,10-K,2026-01-23,0000050863-26-000011,INTC\10-K_2026-01-23.txt,524937,517978,77564,103160
INTU,Intuit,Information Technology,8-K,2026-06-11,0001193125-26-267866,INTU\8-K_2026-06-11.txt,5572,5370,822,1093
INTU,Intuit,Information Technology,8-K,2026-05-20,0000896878-26-000024,INTU\8-K_2026-05-20.txt,10407,10246,1564,2080
INTU,Intuit,Information Technology,DEF 14A,2025-11-26,0000896878-25-000057,INTU\DEF14A_2025-11-26.txt,310732,301503,45533,60559
INTU,Intuit,Information Technology,10-K,2025-09-03,0000896878-25-000035,INTU\10-K_2025-09-03.txt,425592,419207,63632,84631
ISRG,Intuitive Surgical,Health Care,8-K,2026-05-28,0001035267-26-000042,ISRG\8-K_2026-05-28.txt,3312,3203,481,640
ISRG,Intuitive Surgical,Health Care,8-K,2026-05-04,0001035267-26-000035,ISRG\8-K_2026-05-04.txt,9674,9386,1462,1944
ISRG,Intuitive Surgical,Health Care,DEF 14A,2026-03-13,0001035267-26-000023,ISRG\DEF14A_2026-03-13.txt,416256,409025,64533,85829
ISRG,Intuitive Surgical,Health Care,10-K,2026-02-03,0001035267-26-000010,ISRG\10-K_2026-02-03.txt,605174,597249,88610,117851
JNJ,Johnson & Johnson,Health Care,8-K,2026-07-15,0000200406-26-000146,JNJ\8-K_2026-07-15.txt,3756,3550,541,720
JNJ,Johnson & Johnson,Health Care,8-K,2026-04-28,0000200406-26-000089,JNJ\8-K_2026-04-28.txt,5811,5403,899,1196
JNJ,Johnson & Johnson,Health Care,DEF 14A,2026-03-11,0000200406-26-000063,JNJ\DEF14A_2026-03-11.txt,328505,317992,47916,63728
JNJ,Johnson & Johnson,Health Care,10-K,2026-02-11,0000200406-26-000016,JNJ\10-K_2026-02-11.txt,426914,419178,63346,84250
JPM,JPMorgan Chase,Financials,8-K,2026-07-14,0001628280-26-048086,JPM\8-K_2026-07-14.txt,6049,5889,897,1193
JPM,JPMorgan Chase,Financials,8-K,2026-07-14,0001628280-26-048078,JPM\8-K_2026-07-14_2.txt,6024,5867,895,1190
JPM,JPMorgan Chase,Financials,DEF 14A,2026-04-06,0000019617-26-000096,JPM\DEF14A_2026-04-06.txt,374330,362361,53463,71106
JPM,JPMorgan Chase,Financials,10-K,2026-02-13,0001628280-26-008131,JPM\10-K_2026-02-13.txt,1210983,1181819,179677,238970
KO,Coca-Cola Company (The),Consumer Staples,8-K,2026-06-25,0001552781-26-000366,KO\8-K_2026-06-25.txt,5880,5589,874,1162
KO,Coca-Cola Company (The),Consumer Staples,8-K,2026-05-01,0001628280-26-029230,KO\8-K_2026-05-01.txt,7033,6795,1146,1524
KO,Coca-Cola Company (The),Consumer Staples,DEF 14A,2026-03-16,0001104659-26-028215,KO\DEF14A_2026-03-16.txt,490369,442811,61924,82359
KO,Coca-Cola Company (The),Consumer Staples,10-K,2026-02-20,0001628280-26-010047,KO\10-K_2026-02-20.txt,612084,602131,91469,121654
LIN,Linde plc,Materials,8-K,2026-05-13,0001193125-26-221558,LIN\8-K_2026-05-13.txt,8340,8084,1308,1740
LIN,Linde plc,Materials,8-K,2026-05-01,0001654954-26-004202,LIN\8-K_2026-05-01.txt,3106,2944,451,600
LIN,Linde plc,Materials,DEF 14A,2026-04-29,0001193125-26-192209,LIN\DEF14A_2026-04-29.txt,280649,269341,40944,54456
LIN,Linde plc,Materials,10-K,2026-02-25,0001628280-26-011430,LIN\10-K_2026-02-25.txt,345932,339118,51225,68129
LLY,Eli Lilly and Company,Health Care,8-K,2026-05-20,0001193125-26-232707,LLY\8-K_2026-05-20.txt,10382,10004,1590,2115
LLY,Eli Lilly and Company,Health Care,8-K,2026-05-07,0000059478-26-000048,LLY\8-K_2026-05-07.txt,5458,5280,873,1161
LLY,Eli Lilly and Company,Health Care,DEF 14A,2026-03-20,0000059478-26-000029,LLY\DEF14A_2026-03-20.txt,301350,294057,43839,58306
LLY,Eli Lilly and Company,Health Care,10-K,2026-02-12,0000059478-26-000013,LLY\10-K_2026-02-12.txt,373443,368575,54049,71885
LMT,Lockheed Martin,Industrials,8-K,2026-05-13,0000936468-26-000011,LMT\8-K_2026-05-13.txt,4414,4261,711,946
LMT,Lockheed Martin,Industrials,8-K,2026-04-23,0001628280-26-026683,LMT\8-K_2026-04-23.txt,3194,3091,473,629
LMT,Lockheed Martin,Industrials,DEF 14A,2026-03-26,0000936468-26-000004,LMT\DEF14A_2026-03-26.txt,306191,297234,44663,59402
LMT,Lockheed Martin,Industrials,10-K,2026-01-29,0001628280-26-004195,LMT\10-K_2026-01-29.txt,442166,436443,65594,87240
LOW,Lowe's,Consumer Discretionary,8-K,2026-06-02,0000060667-26-000091,LOW\8-K_2026-06-02.txt,4788,4581,755,1004
LOW,Lowe's,Consumer Discretionary,8-K,2026-05-20,0000060667-26-000062,LOW\8-K_2026-05-20.txt,3693,3561,552,734
LOW,Lowe's,Consumer Discretionary,DEF 14A,2026-04-16,0000060667-26-000056,LOW\DEF14A_2026-04-16.txt,325051,308934,45454,60454
LOW,Lowe's,Consumer Discretionary,10-K,2026-03-23,0000060667-26-000029,LOW\10-K_2026-03-23.txt,301734,295991,44410,59065
MA,Mastercard,Financials,8-K,2026-06-17,0001141391-26-000041,MA\8-K_2026-06-17.txt,5141,4961,813,1081
MA,Mastercard,Financials,8-K,2026-06-08,0001193125-26-261669,MA\8-K_2026-06-08.txt,6607,6323,983,1307
MA,Mastercard,Financials,DEF 14A,2026-04-27,0001141391-26-000021,MA\DEF14A_2026-04-27.txt,314540,304398,45435,60429
MA,Mastercard,Financials,10-K,2026-02-11,0001141391-26-000013,MA\10-K_2026-02-11.txt,458049,449332,66102,87916
MCD,McDonald's,Consumer Discretionary,8-K,2026-05-22,0000063908-26-000055,MCD\8-K_2026-05-22.txt,4711,4486,744,990
MCD,McDonald's,Consumer Discretionary,8-K,2026-05-07,0000063908-26-000048,MCD\8-K_2026-05-07.txt,3498,3370,508,676
MCD,McDonald's,Consumer Discretionary,DEF 14A,2026-04-07,0001193125-26-145548,MCD\DEF14A_2026-04-07.txt,287013,276947,41029,54569
MCD,McDonald's,Consumer Discretionary,10-K,2026-02-24,0000063908-26-000035,MCD\10-K_2026-02-24.txt,281092,276146,40849,54329
MDLZ,Mondelez International,Consumer Staples,8-K,2026-06-18,0001628280-26-044384,MDLZ\8-K_2026-06-18.txt,7524,7292,1107,1472
MDLZ,Mondelez International,Consumer Staples,8-K,2026-05-26,0001628280-26-038064,MDLZ\8-K_2026-05-26.txt,5625,5267,859,1142
MDLZ,Mondelez International,Consumer Staples,DEF 14A,2026-04-03,0001628280-26-023640,MDLZ\DEF14A_2026-04-03.txt,397128,377948,55196,73411
MDLZ,Mondelez International,Consumer Staples,10-K,2026-02-04,0001628280-26-005345,MDLZ\10-K_2026-02-04.txt,421790,414268,61692,82050
MDT,Medtronic,Health Care,10-K,2026-06-18,0001628280-26-044354,MDT\10-K_2026-06-18.txt,495784,488009,72209,96038
MDT,Medtronic,Health Care,8-K,2026-06-03,0001628280-26-040034,MDT\8-K_2026-06-03.txt,4657,4482,702,934
MDT,Medtronic,Health Care,8-K,2026-05-18,0001628280-26-035959,MDT\8-K_2026-05-18.txt,4841,4675,718,955
MDT,Medtronic,Health Care,DEF 14A,2025-08-25,0001613103-25-000151,MDT\DEF14A_2025-08-25.txt,375942,368046,57326,76244
MET,MetLife,Financials,8-K,2026-06-29,0001099219-26-000045,MET\8-K_2026-06-29.txt,5615,5461,831,1105
MET,MetLife,Financials,8-K,2026-06-22,0001099219-26-000041,MET\8-K_2026-06-22.txt,4563,4361,726,966
MET,MetLife,Financials,DEF 14A,2026-04-29,0001099219-26-000026,MET\DEF14A_2026-04-29.txt,440777,417169,59281,78844
MET,MetLife,Financials,10-K,2026-02-19,0001099219-26-000013,MET\10-K_2026-02-19.txt,1138645,1109159,166377,221281
META,Meta Platforms,Communication Services,8-K,2026-05-29,0001628280-26-039193,META\8-K_2026-05-29.txt,9520,9280,1466,1950
META,Meta Platforms,Communication Services,8-K,2026-05-04,0001193125-26-204128,META\8-K_2026-05-04.txt,6924,6658,1045,1390
META,Meta Platforms,Communication Services,DEF 14A,2026-04-16,0001628280-26-025532,META\DEF14A_2026-04-16.txt,329997,324322,48162,64055
META,Meta Platforms,Communication Services,10-K,2026-01-29,0001628280-26-003942,META\10-K_2026-01-29.txt,522806,517370,79525,105768
MMM,3M,Industrials,8-K,2026-06-08,0000066740-26-000229,MMM\8-K_2026-06-08.txt,4551,4376,677,900
MMM,3M,Industrials,8-K,2026-05-13,0000066740-26-000221,MMM\8-K_2026-05-13.txt,4435,4230,718,955
MMM,3M,Industrials,DEF 14A,2026-03-25,0000066740-26-000151,MMM\DEF14A_2026-03-25.txt,381103,361325,53872,71650
MMM,3M,Industrials,10-K,2026-02-03,0000066740-26-000014,MMM\10-K_2026-02-03.txt,477127,469206,70162,93315
MO,Altria,Consumer Staples,8-K,2026-05-18,0000764180-26-000073,MO\8-K_2026-05-18.txt,14411,14098,2234,2971
MO,Altria,Consumer Staples,8-K,2026-04-30,0000764180-26-000056,MO\8-K_2026-04-30.txt,4303,4171,575,765
MO,Altria,Consumer Staples,DEF 14A,2026-04-02,0001104659-26-038900,MO\DEF14A_2026-04-02.txt,355332,318428,44984,59829
MO,Altria,Consumer Staples,10-K,2026-02-25,0000764180-26-000017,MO\10-K_2026-02-25.txt,513352,505137,76238,101397
MRK,Merck & Co.,Health Care,8-K,2026-05-28,0001104659-26-067509,MRK\8-K_2026-05-28.txt,5468,5161,908,1208
MRK,Merck & Co.,Health Care,8-K,2026-05-22,0001628280-26-037738,MRK\8-K_2026-05-22.txt,6166,5962,958,1274
MRK,Merck & Co.,Health Care,DEF 14A,2026-04-08,0001193125-26-147704,MRK\DEF14A_2026-04-08.txt,340461,326641,49326,65604
MRK,Merck & Co.,Health Care,10-K,2026-02-24,0000310158-26-000063,MRK\10-K_2026-02-24.txt,638835,627650,93225,123989
MS,Morgan Stanley,Financials,8-K,2026-07-15,0000895421-26-000207,MS\8-K_2026-07-15.txt,5598,5431,844,1123
MS,Morgan Stanley,Financials,8-K,2026-06-24,0000950103-26-009448,MS\8-K_2026-06-24.txt,7931,7592,1162,1545
MS,Morgan Stanley,Financials,DEF 14A,2026-04-02,0001140361-26-012975,MS\DEF14A_2026-04-02.txt,394680,381256,55907,74356
MS,Morgan Stanley,Financials,10-K,2026-02-19,0000895421-26-000086,MS\10-K_2026-02-19.txt,790544,770395,116130,154453
MSFT,Microsoft,Information Technology,8-K,2026-06-05,0001193125-26-258667,MSFT\8-K_2026-06-05.txt,3108,2966,446,593
MSFT,Microsoft,Information Technology,8-K,2026-05-14,0001193125-26-224155,MSFT\8-K_2026-05-14.txt,3818,3658,550,732
MSFT,Microsoft,Information Technology,DEF 14A,2025-10-21,0001193125-25-245150,MSFT\DEF14A_2025-10-21.txt,439123,423203,62791,83512
MSFT,Microsoft,Information Technology,10-K,2025-07-30,0000950170-25-100235,MSFT\10-K_2025-07-30.txt,329563,317944,47075,62610
NEE,NextEra Energy,Utilities,8-K,2026-07-08,0001104659-26-081863,NEE\8-K_2026-07-08.txt,4357,4173,632,841
NEE,NextEra Energy,Utilities,8-K,2026-06-22,0000753308-26-000052,NEE\8-K_2026-06-22.txt,5293,5149,769,1023
NEE,NextEra Energy,Utilities,DEF 14A,2026-04-01,0001104659-26-038551,NEE\DEF14A_2026-04-01.txt,501498,431523,58131,77314
NEE,NextEra Energy,Utilities,10-K,2026-02-13,0000753308-26-000015,NEE\10-K_2026-02-13.txt,550603,540780,82352,109528
NFLX,"Netflix, Inc.",Communication Services,8-K,2026-06-05,0001065280-26-000189,NFLX\8-K_2026-06-05.txt,6218,6002,998,1327
NFLX,"Netflix, Inc.",Communication Services,8-K,2026-04-23,0001065280-26-000139,NFLX\8-K_2026-04-23.txt,3808,3687,529,704
NFLX,"Netflix, Inc.",Communication Services,DEF 14A,2026-04-16,0001193125-26-159286,NFLX\DEF14A_2026-04-16.txt,277087,265030,41346,54990
NFLX,"Netflix, Inc.",Communication Services,10-K,2026-01-23,0001065280-26-000034,NFLX\10-K_2026-01-23.txt,279511,274391,41936,55775
NKE,"Nike, Inc.",Consumer Discretionary,DEF 14A,2026-07-15,0000320187-26-000089,NKE\DEF14A_2026-07-15.txt,309485,303945,47142,62699
NKE,"Nike, Inc.",Consumer Discretionary,10-K,2026-07-15,0000320187-26-000088,NKE\10-K_2026-07-15.txt,377339,371932,56153,74683
NKE,"Nike, Inc.",Consumer Discretionary,8-K,2026-06-30,0000320187-26-000076,NKE\8-K_2026-06-30.txt,2930,2818,430,572
NKE,"Nike, Inc.",Consumer Discretionary,8-K,2026-06-23,0000320187-26-000070,NKE\8-K_2026-06-23.txt,17249,16895,2664,3543
NOW,ServiceNow,Information Technology,8-K,2026-05-22,0001373715-26-000065,NOW\8-K_2026-05-22.txt,6730,6523,1051,1398
NOW,ServiceNow,Information Technology,8-K,2026-05-15,0001193125-26-226644,NOW\8-K_2026-05-15.txt,7134,6876,1063,1414
NOW,ServiceNow,Information Technology,DEF 14A,2026-04-06,0001373715-26-000039,NOW\DEF14A_2026-04-06.txt,464453,445236,67426,89677
NOW,ServiceNow,Information Technology,10-K,2026-01-29,0001373715-26-000007,NOW\10-K_2026-01-29.txt,357063,350873,51975,69127
NVDA,Nvidia,Information Technology,8-K,2026-07-02,0001045810-26-000060,NVDA\8-K_2026-07-02.txt,5445,5329,832,1107
NVDA,Nvidia,Information Technology,8-K,2026-06-30,0001045810-26-000056,NVDA\8-K_2026-06-30.txt,7220,6964,1172,1559
NVDA,Nvidia,Information Technology,DEF 14A,2026-05-12,0001045810-26-000036,NVDA\DEF14A_2026-05-12.txt,261738,256171,39824,52966
NVDA,Nvidia,Information Technology,10-K,2026-02-25,0001045810-26-000021,NVDA\10-K_2026-02-25.txt,346606,341431,51398,68359
ORCL,Oracle Corporation,Information Technology,10-K,2026-06-22,0001193125-26-277521,ORCL\10-K_2026-06-22.txt,436457,423568,63248,84120
ORCL,Oracle Corporation,Information Technology,8-K,2026-06-10,0001193125-26-265848,ORCL\8-K_2026-06-10.txt,3824,3660,565,751
ORCL,Oracle Corporation,Information Technology,8-K,2026-05-12,0001193125-26-219708,ORCL\8-K_2026-05-12.txt,5369,5163,797,1060
ORCL,Oracle Corporation,Information Technology,DEF 14A,2025-09-26,0001193125-25-220801,ORCL\DEF14A_2025-09-26.txt,321852,311611,47651,63376
PEP,PepsiCo,Consumer Staples,8-K,2026-07-09,0000077476-26-000037,PEP\8-K_2026-07-09.txt,4601,4447,710,944
PEP,PepsiCo,Consumer Staples,8-K,2026-05-22,0001104659-26-065758,PEP\8-K_2026-05-22.txt,9077,8780,1419,1887
PEP,PepsiCo,Consumer Staples,DEF 14A,2026-03-27,0001308179-26-000169,PEP\DEF14A_2026-03-27.txt,396783,382386,56595,75271
PEP,PepsiCo,Consumer Staples,10-K,2026-02-03,0000077476-26-000007,PEP\10-K_2026-02-03.txt,429410,421954,63321,84217
PFE,Pfizer,Health Care,8-K,2026-06-18,0000078003-26-000087,PFE\8-K_2026-06-18.txt,22638,22236,3180,4229
PFE,Pfizer,Health Care,8-K,2026-06-18,0000078003-26-000085,PFE\8-K_2026-06-18_2.txt,4446,4305,652,867
PFE,Pfizer,Health Care,DEF 14A,2026-03-12,0000078003-26-000033,PFE\DEF14A_2026-03-12.txt,501770,490067,75404,100287
PFE,Pfizer,Health Care,10-K,2026-02-26,0000078003-26-000026,PFE\10-K_2026-02-26.txt,651633,640234,95426,126917
PG,Procter & Gamble,Consumer Staples,8-K,2026-07-14,0000080424-26-000082,PG\8-K_2026-07-14.txt,4276,4032,612,814
PG,Procter & Gamble,Consumer Staples,8-K,2026-04-24,0000080424-26-000057,PG\8-K_2026-04-24.txt,4102,3856,572,761
PG,Procter & Gamble,Consumer Staples,DEF 14A,2025-08-29,0001193125-25-191749,PG\DEF14A_2025-08-29.txt,451675,438209,67655,89981
PG,Procter & Gamble,Consumer Staples,10-K,2025-08-04,0000080424-25-000076,PG\10-K_2025-08-04.txt,307270,302544,45463,60466
PLTR,Palantir Technologies,Information Technology,8-K,2026-06-09,0001321655-26-000033,PLTR\8-K_2026-06-09.txt,7062,6816,1122,1492
PLTR,Palantir Technologies,Information Technology,8-K,2026-05-04,0001321655-26-000026,PLTR\8-K_2026-05-04.txt,4232,4071,559,743
PLTR,Palantir Technologies,Information Technology,DEF 14A,2026-04-24,0001321655-26-000019,PLTR\DEF14A_2026-04-24.txt,251301,246986,38762,51553
PLTR,Palantir Technologies,Information Technology,10-K,2026-02-17,0001321655-26-000011,PLTR\10-K_2026-02-17.txt,549930,542806,81692,108650
PM,Philip Morris International,Consumer Staples,8-K,2026-07-09,0001628280-26-047782,PM\8-K_2026-07-09.txt,7283,7087,1110,1476
PM,Philip Morris International,Consumer Staples,8-K,2026-06-29,0001104659-26-078814,PM\8-K_2026-06-29.txt,4444,4131,638,849
PM,Philip Morris International,Consumer Staples,DEF 14A,2026-03-26,0001628280-26-021169,PM\DEF14A_2026-03-26.txt,300269,292249,44199,58785
PM,Philip Morris International,Consumer Staples,10-K,2026-02-06,0001628280-26-005939,PM\10-K_2026-02-06.txt,546768,538208,81299,108128
PYPL,PayPal,Financials,8-K,2026-05-21,0001633917-26-000076,PYPL\8-K_2026-05-21.txt,8595,8325,1354,1801
PYPL,PayPal,Financials,8-K,2026-05-15,0001193125-26-226653,PYPL\8-K_2026-05-15.txt,7402,7150,1133,1507
PYPL,PayPal,Financials,DEF 14A,2026-04-07,0001193125-26-145721,PYPL\DEF14A_2026-04-07.txt,557951,540478,81545,108455
PYPL,PayPal,Financials,10-K,2026-02-03,0001633917-26-000024,PYPL\10-K_2026-02-03.txt,478711,470207,70084,93212
QCOM,Qualcomm,Information Technology,8-K,2026-06-24,0001104659-26-077071,QCOM\8-K_2026-06-24.txt,5340,5117,759,1009
QCOM,Qualcomm,Information Technology,8-K,2026-04-29,0000804328-26-000060,QCOM\8-K_2026-04-29.txt,3766,3653,537,714
QCOM,Qualcomm,Information Technology,DEF 14A,2026-01-22,0001104659-26-005781,QCOM\DEF14A_2026-01-22.txt,550027,499619,73901,98288
QCOM,Qualcomm,Information Technology,10-K,2025-11-05,0000804328-25-000085,QCOM\10-K_2025-11-05.txt,391285,386657,57504,76480
RTX,RTX Corporation,Industrials,8-K,2026-05-04,0001140361-26-018932,RTX\8-K_2026-05-04.txt,5149,4850,791,1052
RTX,RTX Corporation,Industrials,8-K,2026-04-21,0000101829-26-000009,RTX\8-K_2026-04-21.txt,3779,3640,543,722
RTX,RTX Corporation,Industrials,DEF 14A,2026-03-09,0001308179-26-000036,RTX\DEF14A_2026-03-09.txt,352768,338050,50842,67620
RTX,RTX Corporation,Industrials,10-K,2026-02-06,0000101829-26-000006,RTX\10-K_2026-02-06.txt,550181,542915,81090,107850
SBUX,Starbucks,Consumer Discretionary,8-K,2026-06-12,0000829224-26-000106,SBUX\8-K_2026-06-12.txt,4189,4083,603,802
SBUX,Starbucks,Consumer Discretionary,8-K,2026-05-20,0000829224-26-000094,SBUX\8-K_2026-05-20.txt,4334,4140,651,866
SBUX,Starbucks,Consumer Discretionary,DEF 14A,2026-01-26,0001213900-26-007780,SBUX\DEF14A_2026-01-26.txt,410511,396784,59221,78764
SBUX,Starbucks,Consumer Discretionary,10-K,2025-11-14,0000829224-25-000114,SBUX\10-K_2025-11-14.txt,351755,344698,50964,67782
SCHW,Charles Schwab Corporation,Financials,8-K,2026-06-29,0001193125-26-288640,SCHW\8-K_2026-06-29.txt,6022,5816,896,1192
SCHW,Charles Schwab Corporation,Financials,8-K,2026-06-01,0001193125-26-251689,SCHW\8-K_2026-06-01.txt,3997,3825,578,769
SCHW,Charles Schwab Corporation,Financials,DEF 14A,2026-04-06,0001193125-26-142826,SCHW\DEF14A_2026-04-06.txt,362193,351284,54790,72871
SCHW,Charles Schwab Corporation,Financials,10-K,2026-02-25,0000316709-26-000009,SCHW\10-K_2026-02-25.txt,549645,538177,81343,108186
SO,Southern Company,Utilities,8-K,2026-06-08,0000092122-26-000046,SO\8-K_2026-06-08.txt,20365,20101,3184,4235
SO,Southern Company,Utilities,8-K,2026-05-15,0000092122-26-000040,SO\8-K_2026-05-15.txt,7341,7086,1175,1563
SO,Southern Company,Utilities,DEF 14A,2026-04-03,0000092122-26-000028,SO\DEF14A_2026-04-03.txt,419233,410799,61773,82158
SO,Southern Company,Utilities,10-K,2026-02-19,0000092122-26-000006,SO\10-K_2026-02-19.txt,1185797,1157515,173709,231033
SPG,Simon Property Group,Real Estate,8-K,2026-05-15,0001104659-26-062012,SPG\8-K_2026-05-15.txt,4961,4600,757,1007
SPG,Simon Property Group,Real Estate,8-K,2026-05-11,0001104659-26-058646,SPG\8-K_2026-05-11.txt,5048,4845,743,988
SPG,Simon Property Group,Real Estate,DEF 14A,2026-04-01,0001104659-26-038320,SPG\DEF14A_2026-04-01.txt,312311,285199,41696,55456
SPG,Simon Property Group,Real Estate,10-K,2026-02-25,0001104659-26-019419,SPG\10-K_2026-02-25.txt,734178,649036,93299,124088
T,AT&T,Communication Services,8-K,2026-06-16,0001193125-26-272580,T\8-K_2026-06-16.txt,6755,6417,1087,1446
T,AT&T,Communication Services,8-K,2026-05-20,0001193125-26-232817,T\8-K_2026-05-20.txt,12615,11820,1994,2652
T,AT&T,Communication Services,DEF 14A,2026-03-23,0001193125-26-119888,T\DEF14A_2026-03-23.txt,419658,407352,64603,85922
T,AT&T,Communication Services,10-K,2026-02-09,0000732717-26-000120,T\10-K_2026-02-09.txt,367534,359742,55121,73311
TGT,Target Corporation,Consumer Discretionary,8-K,2026-06-12,0000027419-26-000026,TGT\8-K_2026-06-12.txt,6765,6504,1056,1404
TGT,Target Corporation,Consumer Discretionary,8-K,2026-05-20,0000027419-26-000020,TGT\8-K_2026-05-20.txt,2927,2830,435,579
TGT,Target Corporation,Consumer Discretionary,DEF 14A,2026-04-27,0001628280-26-027508,TGT\DEF14A_2026-04-27.txt,457216,435949,66370,88272
TGT,Target Corporation,Consumer Discretionary,10-K,2026-03-11,0000027419-26-000016,TGT\10-K_2026-03-11.txt,244660,239649,35602,47351
TMO,Thermo Fisher Scientific,Health Care,8-K,2026-05-26,0000097745-26-000117,TMO\8-K_2026-05-26.txt,4412,4262,721,959
TMO,Thermo Fisher Scientific,Health Care,8-K,2026-04-23,0000097745-26-000086,TMO\8-K_2026-04-23.txt,4044,3924,628,835
TMO,Thermo Fisher Scientific,Health Care,DEF 14A,2026-04-07,0001193125-26-144585,TMO\DEF14A_2026-04-07.txt,282914,269917,40319,53624
TMO,Thermo Fisher Scientific,Health Care,10-K,2026-02-26,0000097745-26-000018,TMO\10-K_2026-02-26.txt,334623,327769,48525,64538
TMUS,T-Mobile US,Communication Services,8-K,2026-07-07,0001193125-26-297534,TMUS\8-K_2026-07-07.txt,5838,5573,849,1129
TMUS,T-Mobile US,Communication Services,8-K,2026-06-18,0001193125-26-275787,TMUS\8-K_2026-06-18.txt,6068,5660,911,1212
TMUS,T-Mobile US,Communication Services,DEF 14A,2026-04-27,0001193125-26-181884,TMUS\DEF14A_2026-04-27.txt,376432,362409,55174,73381
TMUS,T-Mobile US,Communication Services,10-K,2026-02-11,0001283699-26-000010,TMUS\10-K_2026-02-11.txt,556861,547444,83149,110588
TSLA,"Tesla, Inc.",Consumer Discretionary,8-K,2026-07-02,0001628280-26-046717,TSLA\8-K_2026-07-02.txt,3117,3014,475,632
TSLA,"Tesla, Inc.",Consumer Discretionary,8-K,2026-04-22,0001628280-26-026551,TSLA\8-K_2026-04-22.txt,3309,3202,504,670
TSLA,"Tesla, Inc.",Consumer Discretionary,10-K,2026-01-29,0001628280-26-003952,TSLA\10-K_2026-01-29.txt,402274,396690,59902,79670
TSLA,"Tesla, Inc.",Consumer Discretionary,DEF 14A,2025-09-17,0001104659-25-090866,TSLA\DEF14A_2025-09-17.txt,1259690,1203090,183285,243769
TXN,Texas Instruments,Information Technology,8-K,2026-06-02,0000950103-26-008325,TXN\8-K_2026-06-02.txt,3799,3637,530,705
TXN,Texas Instruments,Information Technology,8-K,2026-04-22,0000097476-26-000097,TXN\8-K_2026-04-22.txt,3553,3431,508,676
TXN,Texas Instruments,Information Technology,DEF 14A,2026-03-04,0000097476-26-000078,TXN\DEF14A_2026-03-04.txt,209299,203803,31519,41920
TXN,Texas Instruments,Information Technology,10-K,2026-02-06,0000097476-26-000059,TXN\10-K_2026-02-06.txt,193899,189872,28935,38484
UBER,Uber,Industrials,8-K,2026-05-11,0001552781-26-000320,UBER\8-K_2026-05-11.txt,5654,5461,831,1105
UBER,Uber,Industrials,8-K,2026-05-08,0001552781-26-000314,UBER\8-K_2026-05-08.txt,5558,5260,877,1166
UBER,Uber,Industrials,DEF 14A,2026-03-23,0001308179-26-000125,UBER\DEF14A_2026-03-23.txt,323837,312557,47131,62684
UBER,Uber,Industrials,10-K,2026-02-13,0001543151-26-000015,UBER\10-K_2026-02-13.txt,616001,607517,91459,121640
UNH,UnitedHealth Group,Health Care,8-K,2026-06-05,0000731766-26-000138,UNH\8-K_2026-06-05.txt,5177,4882,784,1043
UNH,UnitedHealth Group,Health Care,8-K,2026-05-11,0000731766-26-000129,UNH\8-K_2026-05-11.txt,3663,3419,513,682
UNH,UnitedHealth Group,Health Care,DEF 14A,2026-04-21,0001104659-26-046125,UNH\DEF14A_2026-04-21.txt,428666,363676,48014,63859
UNH,UnitedHealth Group,Health Care,10-K,2026-03-02,0000731766-26-000062,UNH\10-K_2026-03-02.txt,337638,331678,49165,65389
UNP,Union Pacific Corporation,Industrials,8-K,2026-05-18,0000100885-26-000174,UNP\8-K_2026-05-18.txt,5227,4947,791,1052
UNP,Union Pacific Corporation,Industrials,8-K,2026-04-23,0000100885-26-000154,UNP\8-K_2026-04-23.txt,3322,3210,465,618
UNP,Union Pacific Corporation,Industrials,DEF 14A,2026-03-25,0000100885-26-000098,UNP\DEF14A_2026-03-25.txt,302930,295821,45640,60701
UNP,Union Pacific Corporation,Industrials,10-K,2026-02-06,0000100885-26-000037,UNP\10-K_2026-02-06.txt,324797,319844,48490,64492
UPS,United Parcel Service,Industrials,8-K,2026-06-15,0001628280-26-043196,UPS\8-K_2026-06-15.txt,3425,3321,508,676
UPS,United Parcel Service,Industrials,8-K,2026-05-13,0001628280-26-034597,UPS\8-K_2026-05-13.txt,3469,3361,522,694
UPS,United Parcel Service,Industrials,DEF 14A,2026-03-19,0001628280-26-019856,UPS\DEF14A_2026-03-19.txt,423882,414508,63322,84218
UPS,United Parcel Service,Industrials,10-K,2026-02-17,0001628280-26-008432,UPS\10-K_2026-02-17.txt,445994,438051,65536,87163
USB,U.S. Bancorp,Financials,8-K,2026-06-24,0000036104-26-000035,USB\8-K_2026-06-24.txt,5766,5610,850,1130
USB,U.S. Bancorp,Financials,8-K,2026-04-23,0001193125-26-173818,USB\8-K_2026-04-23.txt,6480,6088,996,1325
USB,U.S. Bancorp,Financials,DEF 14A,2026-03-10,0001104659-26-025844,USB\DEF14A_2026-03-10.txt,406810,358301,50269,66858
USB,U.S. Bancorp,Financials,10-K,2026-02-23,0000036104-26-000011,USB\10-K_2026-02-23.txt,140777,138464,20541,27320
V,Visa Inc.,Financials,8-K,2026-07-15,0001403161-26-000096,V\8-K_2026-07-15.txt,3960,3831,602,801
V,Visa Inc.,Financials,8-K,2026-06-26,0001403161-26-000086,V\8-K_2026-06-26.txt,4573,4447,708,942
V,Visa Inc.,Financials,DEF 14A,2025-12-08,0001308179-25-000635,V\DEF14A_2025-12-08.txt,368861,358872,53951,71755
V,Visa Inc.,Financials,10-K,2025-11-06,0001403161-25-000089,V\10-K_2025-11-06.txt,438340,431371,64775,86151
VZ,Verizon,Communication Services,8-K,2026-06-29,0001193125-26-286771,VZ\8-K_2026-06-29.txt,9643,9181,1428,1899
VZ,Verizon,Communication Services,8-K,2026-06-17,0001193125-26-273410,VZ\8-K_2026-06-17.txt,5396,5022,805,1071
VZ,Verizon,Communication Services,DEF 14A,2026-04-06,0001308179-26-000210,VZ\DEF14A_2026-04-06.txt,438848,421384,64420,85679
VZ,Verizon,Communication Services,10-K,2026-02-17,0000732712-26-000007,VZ\10-K_2026-02-17.txt,459020,451695,68050,90506
WFC,Wells Fargo,Financials,8-K,2026-07-14,0000072971-26-000288,WFC\8-K_2026-07-14.txt,5232,5048,770,1024
WFC,Wells Fargo,Financials,8-K,2026-05-20,0001193125-26-232818,WFC\8-K_2026-05-20.txt,4977,4745,723,962
WFC,Wells Fargo,Financials,DEF 14A,2026-03-18,0000072971-26-000200,WFC\DEF14A_2026-03-18.txt,537245,524748,78040,103793
WFC,Wells Fargo,Financials,10-K,2026-02-24,0000072971-26-000133,WFC\10-K_2026-02-24.txt,91353,89557,13583,18065
WMT,Walmart,Consumer Staples,8-K,2026-06-05,0000104169-26-000111,WMT\8-K_2026-06-05.txt,8474,8256,1365,1815
WMT,Walmart,Consumer Staples,8-K,2026-05-21,0000104169-26-000095,WMT\8-K_2026-05-21.txt,4777,4649,737,980
WMT,Walmart,Consumer Staples,DEF 14A,2026-04-23,0001193125-26-173673,WMT\DEF14A_2026-04-23.txt,389264,376901,56186,74727
WMT,Walmart,Consumer Staples,10-K,2026-03-13,0000104169-26-000055,WMT\10-K_2026-03-13.txt,364716,360366,54168,72043
XOM,ExxonMobil,Energy,8-K,2026-07-01,0001193125-26-291986,XOM\8-K_2026-07-01.txt,12522,12196,1838,2445
XOM,ExxonMobil,Energy,8-K,2026-05-29,0000034088-26-000078,XOM\8-K_2026-05-29.txt,6310,6065,1022,1359
XOM,ExxonMobil,Energy,DEF 14A,2026-04-08,0001193125-26-147614,XOM\DEF14A_2026-04-08.txt,882924,867313,135700,180481
XOM,ExxonMobil,Energy,10-K,2026-02-18,0000034088-26-000045,XOM\10-K_2026-02-18.txt,434628,422320,64290,85506
